2024-12-18 10:30:00,192.168.1.6,File download,2
2024-12-18 11:00:00,192.168.1.7,User login,3
2024-12-18 11:30:00,192.168.1.8,Password reset,4
2024-12-18 12:00:00,192.168.1.9,Account lock,5
2024-12-18 12:30:00,192.168.1.10,User logout,1
2024-12-18 13:00:00,192.168.1.11,File upload,2
2024-12-18 13:30:00,192.168.1.12,User login,3
2024-12-18 14:00:00,192.168.1.13,Password change,4
2024-12-18 14:30:00,192.168.1.14,Failed login attempt,5
2024-12-18 15:00:00,192.168.1.15,File download,2
2024-12-18 15:30:00,192.168.1.16,User login,3
2024-12-18 16:00:00,192.168.1.17,Password reset,4
2024-12-18 16:30:00,192.168.1.18,Account lock,5
2024-12-18 17:00:00,192.168.1.19,User logout,1
